"","DF8_VAR_ID","DF8_Variable","In_Structure","populated","In_Form","DF9_Table","DF9_Variable","DF9_Codes_Table","DF9_Comments","DF9_PROBLEM","DF10_Variable","DF10_Table","DF10_Removed","DF10_Aggregated","DF10_Renamed","DF10_New","DF10_Comments"
"1",1,"SITE",TRUE,TRUE,TRUE,"location","site","-1","-1",FALSE,"site","-1",FALSE,FALSE,FALSE,FALSE,"-1"
"2",2,"SUBSITE",TRUE,TRUE,TRUE,"location","subsite","-1","-1",FALSE,"subsite","-1",FALSE,FALSE,FALSE,FALSE,"-1"
"3",3,"UNIT",TRUE,TRUE,TRUE,"location","unit","-1","-1",FALSE,"unit","-1",FALSE,FALSE,FALSE,FALSE,"-1"
"4",4,"NORTHING",TRUE,TRUE,TRUE,"location","northing","-1","-1",FALSE,"northing","-1",FALSE,FALSE,FALSE,FALSE,"-1"
"5",5,"EASTING",TRUE,TRUE,TRUE,"location","easting","-1","-1",FALSE,"easting","-1",FALSE,FALSE,FALSE,FALSE,"-1"
"6",6,"FLDWRK1",TRUE,TRUE,TRUE,"fieldWorkers","personelleCode","-1","-1",FALSE,"workFie1","-1",FALSE,FALSE,TRUE,FALSE,"-1"
"7",7,"FLDWRK2",TRUE,TRUE,TRUE,"fieldWorkers","personelleCode","-1","-1",FALSE,"workFie2","-1",FALSE,FALSE,TRUE,FALSE,"-1"
"8",8,"FLDWRK3",TRUE,TRUE,TRUE,"fieldWorkers","personelleCode","-1","-1",FALSE,"workFie3","-1",FALSE,FALSE,TRUE,FALSE,"-1"
"9",9,"FLDWRK4",TRUE,TRUE,TRUE,"fieldWorkers","personelleCode","-1","-1",FALSE,"workFie4","-1",FALSE,FALSE,TRUE,FALSE,"-1"
"10",10,"FLDWRK5",TRUE,TRUE,TRUE,"fieldWorkers","personelleCode","-1","-1",FALSE,"workFie5","-1",FALSE,FALSE,TRUE,FALSE,"-1"
"11",11,"COLLYEAR",TRUE,TRUE,TRUE,"admin","collectionYear","-1","-1",FALSE,"collectionYear","-1",FALSE,FALSE,FALSE,FALSE,"-1"
"12",12,"COLLQURT",TRUE,TRUE,TRUE,"admin","collectionQuarter","-1","-1",FALSE,"collectionQuarter","-1",FALSE,FALSE,FALSE,FALSE,"-1"
"13",13,"LSTBUILD",TRUE,TRUE,TRUE,"description","lastBuildPhase","-1","-1",TRUE,"-1","-1",TRUE,FALSE,FALSE,FALSE,"removed bc values are old and invalid"
"14",14,"BURIALS",TRUE,TRUE,TRUE,"description","burials","-1","-1",FALSE,"burials","-1",FALSE,FALSE,FALSE,FALSE,"-1"
"15",15,"MIDDEN",TRUE,TRUE,TRUE,"description","midden","-1","-1",FALSE,"midden","-1",FALSE,FALSE,FALSE,FALSE,"-1"
"16",16,"QNTSTONE",TRUE,TRUE,TRUE,"archMaterial","stoneQuant","Codes_stoneQuant","-1",FALSE,"stoneQuant","-1",FALSE,FALSE,FALSE,FALSE,"-1"
"17",17,"DSTSTONE",TRUE,TRUE,TRUE,"archMaterial","stoneDist","Codes_stoneDist","-1",FALSE,"stoneDist","-1",FALSE,FALSE,FALSE,FALSE,"-1"
"18",18,"CUTSTONE",TRUE,TRUE,TRUE,"archMaterial","stoneCut","Codes_materials","All values are zero (=0)",TRUE,"-1","-1",TRUE,FALSE,FALSE,FALSE,"removed bc no values in DF9"
"19",19,"LAJAS",TRUE,TRUE,TRUE,"archMaterial","lajas","Codes_materials","-1",FALSE,"lajas","-1",FALSE,FALSE,FALSE,FALSE,"-1"
"20",20,"TEPETATE",TRUE,TRUE,TRUE,"archMaterial","tepetate","Codes_materials","-1",FALSE,"tepetate","-1",FALSE,FALSE,FALSE,FALSE,"-1"
"21",21,"ADOBE",TRUE,TRUE,TRUE,"archMaterial","adobe","Codes_materials","-1",FALSE,"adobe","-1",FALSE,FALSE,FALSE,FALSE,"-1"
"22",22,"XALNENE",TRUE,TRUE,TRUE,"archMaterial","xalnene","Codes_materials","-1",FALSE,"xalnene","-1",FALSE,FALSE,FALSE,FALSE,"-1"
"23",23,"CASCAJO",TRUE,TRUE,TRUE,"archMaterial","cascajo","Codes_materials","-1",FALSE,"cascajo","-1",FALSE,FALSE,FALSE,FALSE,"-1"
"24",24,"CONCRETE",TRUE,TRUE,TRUE,"archMaterial","concrete","Codes_materials","-1",FALSE,"concrete","-1",FALSE,FALSE,FALSE,FALSE,"-1"
"25",25,"PLSTRUNP",TRUE,TRUE,TRUE,"archMaterial","plasterUnpaint","Codes_materials","-1",FALSE,"plasterUnpaint","-1",FALSE,FALSE,FALSE,FALSE,"-1"
"26",26,"PLSTRPNT",TRUE,TRUE,TRUE,"archMaterial","plasterPaint","Codes_materials","-1",FALSE,"plasterPaint","-1",FALSE,FALSE,FALSE,FALSE,"-1"
"27",27,"BURNCLAY",TRUE,TRUE,TRUE,"archMaterial","burntClay","Codes_materials","-1",FALSE,"burntClay","-1",FALSE,FALSE,FALSE,FALSE,"-1"
"28",28,"ALMENA",TRUE,TRUE,TRUE,"archMaterial","almena","-1","-1",FALSE,"almena","-1",FALSE,FALSE,FALSE,FALSE,"-1"
"29",29,"BRNDSTRC",TRUE,TRUE,TRUE,"archMaterial","burnedStruct","Codes_burnedStruct","-1",FALSE,"burnedStruct","-1",FALSE,FALSE,FALSE,FALSE,"-1"
"30",30,"FLOORS",TRUE,TRUE,TRUE,"archMaterial","floors","Codes_archFeatures","-1",FALSE,"floors","-1",FALSE,FALSE,FALSE,FALSE,"-1"
"31",31,"WALLS",TRUE,TRUE,TRUE,"archMaterial","walls","Codes_archFeatures","-1",FALSE,"walls","-1",FALSE,FALSE,FALSE,FALSE,"-1"
"32",32,"DRAINS",TRUE,TRUE,TRUE,"archMaterial","drains","Codes_archFeatures","-1",FALSE,"drainSitu","-1",FALSE,FALSE,TRUE,FALSE,"-1"
"33",33,"WALLFIXT",TRUE,TRUE,TRUE,"archMaterial","wallFixtures","Codes_archFeatures","-1",FALSE,"wallFixSitu","-1",FALSE,FALSE,TRUE,FALSE,"-1"
"34",34,"MURALS",TRUE,TRUE,TRUE,"archMaterial","murals","Codes_archFeatures","-1",FALSE,"murals","-1",FALSE,FALSE,FALSE,FALSE,"-1"
"35",35,"COLUMNS",TRUE,TRUE,TRUE,"archMaterial","columns","Codes_archFeatures","-1",FALSE,"columns","-1",FALSE,FALSE,FALSE,FALSE,"-1"
"36",36,"TALUDES",TRUE,TRUE,TRUE,"archMaterial","taludes","Codes_archFeatures","-1",FALSE,"taludes","-1",FALSE,FALSE,FALSE,FALSE,"-1"
"37",37,"TABLEROS",TRUE,TRUE,TRUE,"archMaterial","tableros","Codes_archFeatures","-1",FALSE,"tableros","-1",FALSE,FALSE,FALSE,FALSE,"-1"
"38",38,"SITUFLRS",TRUE,TRUE,TRUE,"archMaterial","floorMaterial","Codes_FloorMat","-1",FALSE,"floorMaterial","-1",FALSE,FALSE,FALSE,FALSE,"-1"
"39",39,"TALUDSTN",TRUE,TRUE,TRUE,"archMaterial","wallCoreStone","Codes_wallCoreStone","-1",FALSE,"wallCoreStone","-1",FALSE,FALSE,FALSE,FALSE,"-1"
"40",40,"WALLMATR",TRUE,TRUE,TRUE,"archMaterial","wallCoreOthMat","Codes_wallCoreOther","-1",FALSE,"wallCoreOthMat","-1",FALSE,FALSE,FALSE,FALSE,"-1"
"41",41,"WALLFACE",TRUE,TRUE,TRUE,"archMaterial","wallFacing","Codes_wallFacing","-1",FALSE,"wallFacing","-1",FALSE,FALSE,FALSE,FALSE,"-1"
"42",42,"INTRUSHD",TRUE,TRUE,TRUE,"description","intrusiveSherd","-1","-1",FALSE,"intrusiveSherd","-1",FALSE,FALSE,FALSE,FALSE,"-1"
"43",43,"HEIGHT",TRUE,TRUE,TRUE,"description","height","-1","-1",FALSE,"height","-1",FALSE,FALSE,FALSE,FALSE,"-1"
"44",44,"PMICARC1",TRUE,TRUE,TRUE,"archInterp","arch1PMic","Codes_ArchInterpPrim","-1",FALSE,"arch1PMic","-1",FALSE,FALSE,FALSE,FALSE,"-1"
"45",45,"MCTLARC1",TRUE,TRUE,TRUE,"archInterp","arch1McTl","Codes_ArchInterpPrim","-1",FALSE,"arch1McTl","-1",FALSE,FALSE,FALSE,FALSE,"-1"
"46",46,"XLMEARC1",TRUE,TRUE,TRUE,"archInterp","arch1XlMe","Codes_ArchInterpPrim","-1",FALSE,"arch1XlMe","-1",FALSE,FALSE,FALSE,FALSE,"-1"
"47",47,"OXTOARC1",TRUE,TRUE,TRUE,"archInterp","arch1Oxto","Codes_ArchInterpPrim","-1",FALSE,"arch1Oxto","-1",FALSE,FALSE,FALSE,FALSE,"-1"
"48",48,"PMICARC2",TRUE,TRUE,TRUE,"archInterp","arch2PMic","Codes_ArchInterpAltern","-1",FALSE,"arch2PMic","-1",FALSE,FALSE,FALSE,FALSE,"-1"
"49",49,"MCTLARC2",TRUE,TRUE,TRUE,"archInterp","arch2McTl","Codes_ArchInterpAltern","-1",FALSE,"arch2McTl","-1",FALSE,FALSE,FALSE,FALSE,"-1"
"50",50,"XLMEARC2",TRUE,TRUE,TRUE,"archInterp","arch2XlMe","Codes_ArchInterpAltern","-1",FALSE,"arch2XlMe","-1",FALSE,FALSE,FALSE,FALSE,"-1"
"51",51,"OXTOARC2",TRUE,TRUE,TRUE,"archInterp","arch2Oxto","Codes_ArchInterpAltern","-1",FALSE,"arch2Oxto","-1",FALSE,FALSE,FALSE,FALSE,"-1"
"52",52,"QUALCNST",TRUE,TRUE,TRUE,"archInterp","constructQual","Codes_ConstructQual","-1",FALSE,"constructQual","-1",FALSE,FALSE,FALSE,FALSE,"-1"
"53",53,"PMICFNC1",TRUE,TRUE,TRUE,"archInterp","func1PMic","Codes_FuncInterpPrim","-1",FALSE,"func1PMic","-1",FALSE,FALSE,FALSE,FALSE,"-1"
"54",54,"MCTLFNC1",TRUE,TRUE,TRUE,"archInterp","func1McTl","Codes_FuncInterpPrim","-1",FALSE,"func1McTl","-1",FALSE,FALSE,FALSE,FALSE,"-1"
"55",55,"XLMEFNC1",TRUE,TRUE,TRUE,"archInterp","func1XlMe","Codes_FuncInterpPrim","-1",FALSE,"func1XlMe","-1",FALSE,FALSE,FALSE,FALSE,"-1"
"56",56,"OXTOFNC1",TRUE,TRUE,TRUE,"archInterp","func1Oxto","Codes_FuncInterpPrim","-1",FALSE,"func1Oxto","-1",FALSE,FALSE,FALSE,FALSE,"-1"
"57",57,"PMICFNC2",TRUE,TRUE,TRUE,"archInterp","func2PMic","Codes_FuncInterpAltern","-1",FALSE,"func2PMic","-1",FALSE,FALSE,FALSE,FALSE,"-1"
"58",58,"MCTLFNC2",TRUE,TRUE,TRUE,"archInterp","func2McTl","Codes_FuncInterpAltern","-1",FALSE,"func2McTl","-1",FALSE,FALSE,FALSE,FALSE,"-1"
"59",59,"XLMEFNC2",TRUE,TRUE,TRUE,"archInterp","func2XlMe","Codes_FuncInterpAltern","-1",FALSE,"func2XlMe","-1",FALSE,FALSE,FALSE,FALSE,"-1"
"60",60,"OXTOFNC2",TRUE,TRUE,TRUE,"archInterp","func2Oxto","Codes_FuncInterpAltern","-1",FALSE,"func2Oxto","-1",FALSE,FALSE,FALSE,FALSE,"-1"
"61",61,"PTTZCX1",TRUE,TRUE,TRUE,"complex","archInt1PaTz","Codes_complexGenPrim","-1",FALSE,"archInt1PaTz","-1",FALSE,FALSE,FALSE,FALSE,"-1"
"62",62,"MCTLCX1",TRUE,TRUE,TRUE,"complex","archInt1McTl","Codes_complexGenPrim","-1",FALSE,"archInt1McTl","-1",FALSE,FALSE,FALSE,FALSE,"-1"
"63",63,"XLMECX1",TRUE,TRUE,TRUE,"complex","archInt1XlMt","Codes_complexGenPrim","-1",FALSE,"archInt1XlMt","-1",FALSE,FALSE,FALSE,FALSE,"-1"
"64",64,"PTTZCX2",TRUE,TRUE,TRUE,"complex","archInt2PaTz","Codes_complexGenAltern","-1",FALSE,"archInt2PaTz","-1",FALSE,FALSE,FALSE,FALSE,"-1"
"65",65,"MCTLCX2",TRUE,TRUE,TRUE,"complex","archInt2McTl","Codes_complexGenAltern","-1",FALSE,"archInt2McTl","-1",FALSE,FALSE,FALSE,FALSE,"-1"
"66",66,"XLMECX2",TRUE,TRUE,TRUE,"complex","archInt2XlMt","Codes_complexGenAltern","-1",FALSE,"archInt2XlMt","-1",FALSE,FALSE,FALSE,FALSE,"-1"
"67",67,"PTTZCXFN",TRUE,TRUE,TRUE,"complex","funcIntPaTz","Codes_complexFunWhole","-1",FALSE,"funcIntPaTz","-1",FALSE,FALSE,FALSE,FALSE,"-1"
"68",68,"MCTLCXFN",TRUE,TRUE,TRUE,"complex","funcIntMcTl","Codes_complexFunWhole","-1",FALSE,"funcIntMcTl","-1",FALSE,FALSE,FALSE,FALSE,"-1"
"69",69,"XLMECXFN",TRUE,TRUE,TRUE,"complex","funcIntXlMt","Codes_complexFunWhole","-1",FALSE,"funcIntXlMt","-1",FALSE,FALSE,FALSE,FALSE,"-1"
"70",70,"PTTZRSFN",TRUE,TRUE,TRUE,"complex","funcResPaTz","Codes_complexFunRes","-1",FALSE,"funcResPaTz","-1",FALSE,FALSE,FALSE,FALSE,"-1"
"71",71,"MCTLRSFN",TRUE,TRUE,TRUE,"complex","funcResMcTl","Codes_complexFunRes","-1",FALSE,"funcResMcTl","-1",FALSE,FALSE,FALSE,FALSE,"-1"
"72",72,"XLMERSFN",TRUE,TRUE,TRUE,"complex","funcResXlMt","Codes_complexFunRes","-1",FALSE,"funcResXlMt","-1",FALSE,FALSE,FALSE,FALSE,"-1"
"73",73,"PTTZTMFN",TRUE,TRUE,TRUE,"complex","funcTmpPaTz","Codes_complexFunTemp","-1",FALSE,"funcTmpPaTz","-1",FALSE,FALSE,FALSE,FALSE,"-1"
"74",74,"MCTLTMFN",TRUE,TRUE,TRUE,"complex","funcTmpMcTl","Codes_complexFunTemp","-1",FALSE,"funcTmpMcTl","-1",FALSE,FALSE,FALSE,FALSE,"-1"
"75",75,"XLMETMFN",TRUE,TRUE,TRUE,"complex","funcTmpXlMt","Codes_complexFunTemp","-1",FALSE,"funcTmpXlMt","-1",FALSE,FALSE,FALSE,FALSE,"-1"
"76",76,"PTTZCVFN",TRUE,TRUE,TRUE,"complex","funcCivPaTz","Codes_complexFunCivic","-1",FALSE,"funcCivPaTz","-1",FALSE,FALSE,FALSE,FALSE,"-1"
"77",77,"MCTLCVFN",TRUE,TRUE,TRUE,"complex","funcCivMcTl","Codes_complexFunCivic","-1",FALSE,"funcCivMcTl","-1",FALSE,FALSE,FALSE,FALSE,"-1"
"78",78,"XLMECVFN",TRUE,TRUE,TRUE,"complex","funcCivXlMt","Codes_complexFunCivic","-1",FALSE,"funcCivXlMt","-1",FALSE,FALSE,FALSE,FALSE,"-1"
"79",79,"XLMEOTFN",TRUE,TRUE,TRUE,"complex","funcOthXlMt","Codes_complexFunOther","-1",FALSE,"funcOthXlMt","-1",FALSE,FALSE,FALSE,FALSE,"-1"
"80",80,"CXUNITN",TRUE,TRUE,TRUE,"complex","complexUnit","-1","-1",FALSE,"-1","-1",TRUE,FALSE,FALSE,FALSE,"removed because this was duplicate information repeating the site unit (i.e. N12S3) of that collection unit"
"81",81,"CXUNIT",TRUE,TRUE,TRUE,"complex","complexNum","-1","-1",FALSE,"complexNum","-1",FALSE,FALSE,FALSE,FALSE,"-1"
"82",82,"MCXUNITN",TRUE,TRUE,TRUE,"complexMacro","macroComplexNum","-1","-1",FALSE,"macroComplexNum","-1",FALSE,FALSE,FALSE,FALSE,"-1"
"83",83,"MCXUNIT",TRUE,TRUE,TRUE,"complexMacro","macroComplexUnit","-1","-1",FALSE,"-1","-1",TRUE,FALSE,FALSE,FALSE,"removed because this was duplicate information repeating the site unit (i.e. N12S3) of that collection unit"
"84",84,"PTTZMCX",TRUE,TRUE,TRUE,"complexMacro","presPaTz","Codes_McomplexGen","-1",FALSE,"presPaTz","-1",FALSE,FALSE,FALSE,FALSE,"-1"
"85",85,"MCTLMCX",TRUE,TRUE,TRUE,"complexMacro","presMcTl","Codes_McomplexGen","-1",FALSE,"presMcTl","-1",FALSE,FALSE,FALSE,FALSE,"-1"
"86",86,"XLMEMCX",TRUE,TRUE,TRUE,"complexMacro","presXlMt","Codes_McomplexGen","-1",FALSE,"presXlMt","-1",FALSE,FALSE,FALSE,FALSE,"-1"
"87",87,"PTTZMXFN",TRUE,TRUE,TRUE,"complexMacro","funcIntPaTz","Codes_McomplexFun","-1",FALSE,"MfuncIntPaTz","-1",FALSE,FALSE,TRUE,FALSE,"-1"
"88",88,"TLXLMXFN",TRUE,TRUE,TRUE,"complexMacro","funcIntMcTl","Codes_McomplexFun","-1",FALSE,"MfuncIntMcTl","-1",FALSE,FALSE,TRUE,FALSE,"-1"
"89",89,"XLMEMXFN",TRUE,TRUE,TRUE,"complexMacro","funcIntXlMt","Codes_McomplexFun","-1",FALSE,"MfuncIntXlMt","-1",FALSE,FALSE,TRUE,FALSE,"-1"
"90",90,"NHOODCHR",TRUE,TRUE,TRUE,"archinterp","neighborhoodChar","-1","-1",FALSE,"neighborhoodChar","-1",FALSE,FALSE,FALSE,FALSE,"-1"
"91",91,"FRSTNDWL",TRUE,TRUE,TRUE,"archMaterial","freeStandWall","Codes_otherArchFeatures","-1",FALSE,"freeStandWall","-1",FALSE,FALSE,FALSE,FALSE,"-1"
"92",92,"WELLS",TRUE,TRUE,TRUE,"archMaterial","wells","Codes_otherArchFeatures","-1",FALSE,"wells","-1",FALSE,FALSE,FALSE,FALSE,"-1"
"93",93,"JAGUEYS",TRUE,TRUE,TRUE,"archMaterial","jagueys","Codes_otherArchFeatures","-1",FALSE,"jagueys","-1",FALSE,FALSE,FALSE,FALSE,"-1"
"94",94,"PUESTOS",TRUE,TRUE,TRUE,"archMaterial","puestos","Codes_otherArchFeatures","-1",FALSE,"puestos","-1",FALSE,FALSE,FALSE,FALSE,"-1"
"95",95,"MILPA",TRUE,TRUE,TRUE,"condition","milpa","Codes_vegetation","-1",FALSE,"milpa","-1",FALSE,FALSE,FALSE,FALSE,"-1"
"96",96,"BARLEY",TRUE,TRUE,TRUE,"condition","barley","Codes_vegetation","-1",FALSE,"barley","-1",FALSE,FALSE,FALSE,FALSE,"-1"
"97",97,"BEANS",TRUE,TRUE,TRUE,"condition","beans","Codes_vegetation","-1",FALSE,"beans","-1",FALSE,FALSE,FALSE,FALSE,"-1"
"98",98,"CUTALFAL",TRUE,TRUE,TRUE,"condition","alfalfaCut","Codes_vegetation","-1",FALSE,"alfalfaCut","-1",FALSE,FALSE,FALSE,FALSE,"-1"
"99",99,"UNCALFAL",TRUE,TRUE,TRUE,"condition","alfalfaUncut","Codes_vegetation","-1",FALSE,"alfalfaUncut","-1",FALSE,FALSE,FALSE,FALSE,"-1"
"100",100,"NOPALES",TRUE,TRUE,TRUE,"condition","nopales","Codes_vegetation","-1",FALSE,"nopales","-1",FALSE,FALSE,FALSE,FALSE,"-1"
"101",101,"MAGUEYS",TRUE,TRUE,TRUE,"condition","magueys","Codes_vegetation","-1",FALSE,"magueys","-1",FALSE,FALSE,FALSE,FALSE,"-1"
"102",102,"FALLOWLD",TRUE,TRUE,TRUE,"condition","fallow","Codes_vegetation","-1",FALSE,"fallow","-1",FALSE,FALSE,FALSE,FALSE,"-1"
"103",103,"UNCULTIV",TRUE,TRUE,TRUE,"condition","uncultivate","Codes_vegetation","-1",FALSE,"uncultivate","-1",FALSE,FALSE,FALSE,FALSE,"-1"
"104",104,"CROPWATR",TRUE,TRUE,TRUE,"condition","cropWater","Codes_water","-1",FALSE,"cropWater","-1",FALSE,FALSE,FALSE,FALSE,"-1"
"105",105,"PLOWING",TRUE,TRUE,TRUE,"condition","plowing","Codes_plowing","-1",FALSE,"plowing","-1",FALSE,FALSE,FALSE,FALSE,"-1"
"106",106,"CULTPITS",TRUE,TRUE,TRUE,"condition","pitCultivate","Codes_altering_features","-1",FALSE,"pitCultivate","-1",FALSE,FALSE,FALSE,FALSE,"-1"
"107",107,"LOOTPITS",TRUE,TRUE,TRUE,"condition","pitLoot","Codes_altering_features","-1",FALSE,"pitLoot","-1",FALSE,FALSE,FALSE,FALSE,"-1"
"108",108,"ARCHEXCV",TRUE,TRUE,TRUE,"condition","archaeoExcRest","Codes_altering_features","-1",FALSE,"archaeoExcRest","-1",FALSE,FALSE,FALSE,FALSE,"-1"
"109",109,"MISCPITS",TRUE,TRUE,TRUE,"condition","pitMisc","Codes_altering_features","-1",FALSE,"pitMisc","-1",FALSE,FALSE,FALSE,FALSE,"-1"
"110",110,"QRRYING",TRUE,TRUE,TRUE,"condition","quarrying","Codes_altering_features","-1",FALSE,"quarrying","-1",FALSE,FALSE,FALSE,FALSE,"-1"
"111",111,"CLRSTONE",TRUE,TRUE,TRUE,"condition","stoneClearing","Codes_altering_features","-1",FALSE,"stoneClearing","-1",FALSE,FALSE,FALSE,FALSE,"-1"
"112",112,"LDLVLING",TRUE,TRUE,TRUE,"condition","landLeveling","Codes_altering_features","-1",FALSE,"landLeveling","-1",FALSE,FALSE,FALSE,FALSE,"-1"
"113",113,"TERRACNG",TRUE,TRUE,TRUE,"condition","terracing","Codes_altering_features","-1",FALSE,"terracing","-1",FALSE,FALSE,FALSE,FALSE,"-1"
"114",114,"DITCHING",TRUE,TRUE,TRUE,"condition","ditching","Codes_altering_features","-1",FALSE,"ditching","-1",FALSE,FALSE,FALSE,FALSE,"-1"
"115",115,"ROADORRR",TRUE,TRUE,TRUE,"condition","roadOrRail","Codes_altering_features","-1",FALSE,"roadOrRail","-1",FALSE,FALSE,FALSE,FALSE,"-1"
"116",116,"RCNTWALL",TRUE,TRUE,TRUE,"condition","recentWall","Codes_altering_features","-1",FALSE,"recentWall","-1",FALSE,FALSE,FALSE,FALSE,"-1"
"117",117,"STONERWS",TRUE,TRUE,TRUE,"condition","stoneRows","Codes_altering_features","-1",FALSE,"stoneRows","-1",FALSE,FALSE,FALSE,FALSE,"-1"
"118",118,"RCNTBLDG",TRUE,TRUE,TRUE,"condition","recentBuild","Codes_altering_features","-1",FALSE,"recentBuild","-1",FALSE,FALSE,FALSE,FALSE,"-1"
"119",119,"DAM",TRUE,TRUE,TRUE,"condition","dam","Codes_altering_features","-1",FALSE,"dam","-1",FALSE,FALSE,FALSE,FALSE,"-1"
"120",120,"JAGUEY",TRUE,TRUE,TRUE,"condition","jaguey","Codes_altering_features","-1",FALSE,"jaguey","-1",FALSE,FALSE,FALSE,FALSE,"-1"
"121",121,"EROSION",TRUE,TRUE,TRUE,"condition","erosion","Codes_altering_features","-1",FALSE,"erosion","-1",FALSE,FALSE,FALSE,FALSE,"-1"
"122",122,"SILTING",TRUE,TRUE,TRUE,"condition","silting","Codes_altering_features","-1",FALSE,"silting","-1",FALSE,FALSE,FALSE,FALSE,"-1"
"123",123,"OBSCSITE",TRUE,TRUE,TRUE,"condition","siteAlteration","Codes_overall_condition","-1",FALSE,"siteAlteration","-1",FALSE,FALSE,FALSE,FALSE,"-1"
"124",124,"SLOPE",TRUE,TRUE,TRUE,"description","slope","-1","-1",FALSE,"slope","-1",FALSE,FALSE,FALSE,FALSE,"-1"
"125",125,"GSWKSHOP",TRUE,TRUE,TRUE,"workshop","groundstoneField","Codes_workshopField","-1",FALSE,"groundstoneField","-1",FALSE,FALSE,FALSE,FALSE,"-1"
"126",126,"OBWKSHOP",TRUE,TRUE,TRUE,"workshop","obsidianField","Codes_workshopField","-1",FALSE,"obsidianField","-1",FALSE,FALSE,FALSE,FALSE,"-1"
"127",127,"MANOS",TRUE,TRUE,TRUE,"lithicGround","manos","-1","-1",FALSE,"manos","-1",FALSE,FALSE,FALSE,FALSE,"-1"
"128",128,"METATES",TRUE,TRUE,TRUE,"lithicGround","metates","-1","-1",FALSE,"metates","-1",FALSE,FALSE,FALSE,FALSE,"-1"
"129",129,"MORTARS",TRUE,TRUE,TRUE,"lithicGround","mortars","-1","-1",FALSE,"mortars","-1",FALSE,FALSE,FALSE,FALSE,"-1"
"130",130,"PESTLES",TRUE,TRUE,TRUE,"lithicGround","pestles","-1","-1",FALSE,"pestles","-1",FALSE,FALSE,FALSE,FALSE,"-1"
"131",131,"PSMOOTHR",TRUE,TRUE,TRUE,"lithicGround","plasterSmoothers","-1","-1",FALSE,"plasterSmoothers","-1",FALSE,FALSE,FALSE,FALSE,"-1"
"132",132,"PLUMBBOB",TRUE,TRUE,TRUE,"lithicGround","plumbBobs","-1","-1",FALSE,"plumbBobs","-1",FALSE,FALSE,FALSE,FALSE,"-1"
"133",133,"FIXTWALL",TRUE,TRUE,TRUE,"lithicGround","wallFixtures","-1","-1",FALSE,"wallFixSurf","-1",FALSE,FALSE,TRUE,FALSE,"-1"
"134",134,"FIREGODS",TRUE,TRUE,TRUE,"lithicGround","fireGods","-1","-1",FALSE,"fireGods","-1",FALSE,FALSE,FALSE,FALSE,"-1"
"135",135,"MSCSTNSC",TRUE,TRUE,TRUE,"lithicGround","sculptureFrags","-1","-1",FALSE,"sculptureFrags","-1",FALSE,FALSE,FALSE,FALSE,"-1"
"136",136,"HAMMERS",TRUE,TRUE,TRUE,"lithicGround","hammerStones","-1","-1",FALSE,"hammerStones","-1",FALSE,FALSE,FALSE,FALSE,"-1"
"137",137,"SLINGSTN",TRUE,TRUE,TRUE,"lithicGround","slingStones","-1","-1",FALSE,"slingStones","-1",FALSE,FALSE,FALSE,FALSE,"-1"
"138",138,"SMTHSTN",TRUE,TRUE,TRUE,"lithicGround","smoothStones","-1","-1",FALSE,"smoothStones","-1",FALSE,FALSE,FALSE,FALSE,"-1"
"139",139,"WHETSTN",TRUE,TRUE,TRUE,"lithicGround","whetStones","-1","-1",FALSE,"whetStones","-1",FALSE,FALSE,FALSE,FALSE,"-1"
"140",140,"PALETTES",TRUE,TRUE,TRUE,"lithicGround","palettes","-1","-1",FALSE,"palettes","-1",FALSE,FALSE,FALSE,FALSE,"-1"
"141",141,"CELTS",TRUE,TRUE,TRUE,"lithicGround","celts","-1","-1",FALSE,"celts","-1",FALSE,FALSE,FALSE,FALSE,"-1"
"142",142,"RWKDLAJA",TRUE,TRUE,TRUE,"lithicGround","lajasReworked","-1","-1",FALSE,"lajasReworked","-1",FALSE,FALSE,FALSE,FALSE,"-1"
"143",143,"ANVILS",TRUE,TRUE,TRUE,"lithicGround","anvils","-1","-1",FALSE,"anvils","-1",FALSE,FALSE,FALSE,FALSE,"-1"
"144",144,"DRAINS",TRUE,TRUE,TRUE,"lithicGround","drains","-1","-1",FALSE,"drainSurface","-1",FALSE,FALSE,TRUE,FALSE,"-1"
"145",145,"DRAINCVR",TRUE,TRUE,TRUE,"lithicGround","drainCovers","-1","-1",FALSE,"drainCovers","-1",FALSE,FALSE,FALSE,FALSE,"-1"
"146",146,"OTHERGS",TRUE,TRUE,TRUE,"lithicGround","groundstoneOther","-1","-1",FALSE,"groundstoneOther","-1",FALSE,FALSE,FALSE,FALSE,"-1"
"147",147,"OBSITOTS",TRUE,TRUE,TRUE,"lithicFlaked","obsidianTot","-1","-1",FALSE,"obsidianTot","-1",FALSE,FALSE,FALSE,FALSE,"-1"
"148",148,"OBSIBLDS",TRUE,TRUE,TRUE,"lithicFlaked","obsidianBlades","-1","-1",FALSE,"obsidianBlades","-1",FALSE,FALSE,FALSE,FALSE,"-1"
"149",149,"OBSIWSTE",TRUE,TRUE,TRUE,"lithicFlaked","obsidianWaste","-1","-1",FALSE,"obsidianWaste","-1",FALSE,FALSE,FALSE,FALSE,"-1"
"150",150,"OBSISCRP",TRUE,TRUE,TRUE,"lithicFlaked","obsidianScrapers","-1","-1",FALSE,"obsidianScrapers","-1",FALSE,FALSE,FALSE,FALSE,"-1"
"151",151,"OBSIPNTS",TRUE,TRUE,TRUE,"lithicFlaked","obsidianPoints","-1","-1",FALSE,"obsidianBifaces","-1",FALSE,TRUE,FALSE,TRUE,"-1"
"152",152,"OBSICORS",TRUE,TRUE,TRUE,"lithicFlaked","obsidianCores","-1","-1",FALSE,"obsidianCores","-1",FALSE,FALSE,FALSE,FALSE,"-1"
"153",153,"OBSIKNIV",TRUE,TRUE,TRUE,"lithicFlaked","obsidianKnives","-1","-1",FALSE,"obsidianBifaces","-1",FALSE,TRUE,FALSE,TRUE,"-1"
"154",154,"OBSIECCE",TRUE,TRUE,TRUE,"lithicFlaked","obsidianEccentrics","-1","-1",FALSE,"obsidianEccentrics","-1",FALSE,FALSE,FALSE,FALSE,"-1"
"155",155,"OBSIMGSC",TRUE,TRUE,TRUE,"lithicFlaked","obsidianMagueyS","-1","-1",FALSE,"obsidianMagueyS","-1",FALSE,FALSE,FALSE,FALSE,"-1"
"156",156,"OBSIUFLK",TRUE,TRUE,TRUE,"lithicFlaked","obsidianUtFlake","-1","-1",FALSE,"obsidianUtFlake","-1",FALSE,FALSE,FALSE,FALSE,"-1"
"157",157,"OBSINODS",TRUE,TRUE,TRUE,"lithicFlaked","obsidianNodules","-1","-1",FALSE,"obsidianNodules","-1",FALSE,FALSE,FALSE,FALSE,"-1"
"158",158,"BSLTTOTS",TRUE,TRUE,TRUE,"lithicFlaked","basaltTot","-1","-1",FALSE,"basaltTot","-1",FALSE,FALSE,FALSE,FALSE,"-1"
"159",159,"BSLTTOOL",TRUE,TRUE,TRUE,"lithicFlaked","basaltTools","-1","-1",FALSE,"basaltTools","-1",FALSE,FALSE,FALSE,FALSE,"-1"
"160",160,"CHRTFRAG",TRUE,TRUE,TRUE,"lithicFlaked","chert","-1","-1",FALSE,"chert","-1",FALSE,FALSE,FALSE,FALSE,"-1"
"161",161,"QUARTZ",TRUE,TRUE,TRUE,"lithicFlaked","quartz","-1","-1",FALSE,"quartz","-1",FALSE,FALSE,FALSE,FALSE,"-1"
"162",162,"SLATETOT",TRUE,TRUE,TRUE,"lithicGround","slateTot","-1","-1",FALSE,"slateTot","-1",FALSE,FALSE,FALSE,FALSE,"-1"
"163",163,"SLATEPNT",TRUE,TRUE,TRUE,"lithicGround","slatePainted","-1","-1",FALSE,"slatePainted","-1",FALSE,FALSE,FALSE,FALSE,"-1"
"164",164,"ALABASTR",TRUE,TRUE,TRUE,"lithicGround","alabaster","-1","-1",FALSE,"alabaster","-1",FALSE,FALSE,FALSE,FALSE,"-1"
"165",165,"SERPENTN",TRUE,TRUE,TRUE,"lithicGround","serpentine","-1","-1",FALSE,"fineGreenstone","-1",FALSE,TRUE,FALSE,TRUE,"-1"
"166",166,"JADE",TRUE,TRUE,TRUE,"lithicGround","jade","-1","-1",FALSE,"fineGreenstone","-1",FALSE,TRUE,FALSE,TRUE,"-1"
"167",167,"WRKDBONE",TRUE,TRUE,TRUE,"artifactOther","workedBone","-1","-1",FALSE,"workedBone","-1",FALSE,FALSE,FALSE,FALSE,"-1"
"168",168,"SHELLTOT",TRUE,TRUE,TRUE,"artifactOther","shellTot","-1","-1",FALSE,"shellTot","-1",FALSE,FALSE,FALSE,FALSE,"-1"
"169",169,"SHELLWKD",TRUE,TRUE,TRUE,"artifactOther","shellWorked","-1","-1",FALSE,"shellWorked","-1",FALSE,FALSE,FALSE,FALSE,"-1"
"170",170,"FIGUTOTS",TRUE,TRUE,TRUE,"cerNonVessel","figTot","-1","-1",FALSE,"figTot","-1",FALSE,FALSE,FALSE,FALSE,"-1"
"171",171,"FIGHEADS",TRUE,TRUE,TRUE,"cerNonVessel","figHead","-1","-1",FALSE,"figHead","-1",FALSE,FALSE,FALSE,FALSE,"-1"
"172",172,"PPATFIGS",TRUE,TRUE,TRUE,"cerNonVessel","figPPat","-1","-1",FALSE,"figPPat","-1",FALSE,FALSE,FALSE,FALSE,"-1"
"173",173,"PATLFIGS",TRUE,TRUE,TRUE,"cerNonVessel","figPatl","-1","-1",FALSE,"figPatl","-1",FALSE,FALSE,FALSE,FALSE,"-1"
"174",174,"TZACFIGS",TRUE,TRUE,TRUE,"cerNonVessel","figTzac","-1","-1",FALSE,"figTzac","-1",FALSE,FALSE,FALSE,FALSE,"-1"
"175",175,"MICCFIGS",TRUE,TRUE,TRUE,"cerNonVessel","figMic","-1","-1",FALSE,"figMic","-1",FALSE,FALSE,FALSE,FALSE,"-1"
"176",176,"TLAMFIGS",TRUE,TRUE,TRUE,"cerNonVessel","figTlam","-1","-1",FALSE,"figTlam","-1",FALSE,FALSE,FALSE,FALSE,"-1"
"177",177,"XOLAFIGS",TRUE,TRUE,TRUE,"cerNonVessel","figXola","-1","-1",FALSE,"figXola","-1",FALSE,FALSE,FALSE,FALSE,"-1"
"178",178,"METEFIGS",TRUE,TRUE,TRUE,"cerNonVessel","figMete","-1","-1",FALSE,"figMete","-1",FALSE,FALSE,FALSE,FALSE,"-1"
"179",179,"TOLTFIGS",TRUE,TRUE,TRUE,"cerNonVessel","figTolt","-1","-1",FALSE,"figTolt","-1",FALSE,FALSE,FALSE,FALSE,"-1"
"180",180,"AZTEFIGS",TRUE,TRUE,TRUE,"cerNonVessel","figAzte","-1","-1",FALSE,"figAzte","-1",FALSE,FALSE,FALSE,FALSE,"-1"
"181",181,"PUPPFIGS",TRUE,TRUE,TRUE,"cerNonVessel","figPupp","-1","-1",FALSE,"figPupp","-1",FALSE,FALSE,FALSE,FALSE,"-1"
"182",182,"SPINWHRL",TRUE,TRUE,TRUE,"cerNonVessel","spindleWhorl","-1","-1",FALSE,"spindleWhorl","-1",FALSE,FALSE,FALSE,FALSE,"-1"
"183",183,"SEALSTMP",TRUE,TRUE,TRUE,"cerNonVessel","sealStamp","-1","-1",FALSE,"sealStamp","-1",FALSE,FALSE,FALSE,FALSE,"-1"
"184",184,"EARSPOOL",TRUE,TRUE,TRUE,"cerNonVessel","earSpool","-1","-1",FALSE,"earSpool","-1",FALSE,FALSE,FALSE,FALSE,"-1"
"185",185,"WHISTLES",TRUE,TRUE,TRUE,"cerNonVessel","whistle","-1","-1",FALSE,"whistle","-1",FALSE,FALSE,FALSE,FALSE,"-1"
"186",186,"FLUTES",TRUE,TRUE,TRUE,"cerNonVessel","flute","-1","-1",FALSE,"flute","-1",FALSE,FALSE,FALSE,FALSE,"-1"
"187",187,"CERANWK1",TRUE,TRUE,TRUE,"labAnalysts","personelleCode","-1","-1",FALSE,"workLab1","-1",FALSE,FALSE,TRUE,FALSE,"-1"
"188",188,"CERANWK2",TRUE,TRUE,TRUE,"labAnalysts","personelleCode","-1","-1",FALSE,"workLab2","-1",FALSE,FALSE,TRUE,FALSE,"-1"
"189",189,"CERANWK3",TRUE,TRUE,TRUE,"labAnalysts","personelleCode","-1","-1",FALSE,"workLab3","-1",FALSE,FALSE,TRUE,FALSE,"-1"
"190",190,"CERANYR",TRUE,TRUE,TRUE,"admin","analysisYear","-1","-1",FALSE,"analysisYear","-1",FALSE,FALSE,FALSE,FALSE,"-1"
"191",191,"CERANQT",TRUE,TRUE,TRUE,"admin","analysisQuarter","-1","-1",FALSE,"analysisQuarter","-1",FALSE,FALSE,FALSE,FALSE,"-1"
"192",192,"FLDCWKSH",TRUE,TRUE,TRUE,"workshop","ceramicField","Codes_workshopField","-1",FALSE,"ceramicField","-1",FALSE,FALSE,FALSE,FALSE,"-1"
"193",193,"FLDCABUN",TRUE,TRUE,TRUE,"description","ceramicAbundance","-1","-1",FALSE,"ceramicAbundance","-1",FALSE,FALSE,FALSE,FALSE,"-1"
"194",194,"CANDTOTS",TRUE,TRUE,TRUE,"cerNonVessel","candTot","-1","-1",FALSE,"candTot","-1",FALSE,FALSE,FALSE,FALSE,"-1"
"195",195,"COATCAND",TRUE,TRUE,TRUE,"cerNonVessel","candCoat","-1","-1",FALSE,"candCoat","-1",FALSE,FALSE,FALSE,FALSE,"-1"
"196",196,"ATOYCAND",TRUE,TRUE,TRUE,"cerNonVessel","candAtoy","-1","-1",FALSE,"candAtoy","-1",FALSE,FALSE,FALSE,FALSE,"-1"
"197",197,"EXOLCAND",TRUE,TRUE,TRUE,"cerNonVessel","candEXol","-1","-1",FALSE,"candEXol","-1",FALSE,FALSE,FALSE,FALSE,"-1"
"198",198,"LXOLCAND",TRUE,TRUE,TRUE,"cerNonVessel","candLXol","-1","-1",FALSE,"candLXol","-1",FALSE,FALSE,FALSE,FALSE,"-1"
"199",199,"METECAND",TRUE,TRUE,TRUE,"cerNonVessel","candMete","-1","-1",FALSE,"candMete","-1",FALSE,FALSE,FALSE,FALSE,"-1"
"200",200,"COMMCAND",TRUE,TRUE,TRUE,"cerNonVessel","candComm","-1","-1",FALSE,"candComm","-1",FALSE,FALSE,FALSE,FALSE,"-1"
"201",201,"BRN3PRNG",TRUE,TRUE,TRUE,"cerVessel","burner3P","-1","-1",FALSE,"burner3P","-1",FALSE,FALSE,FALSE,FALSE,"-1"
"202",202,"HANDCOVR",TRUE,TRUE,TRUE,"cerVessel","coverHandled","-1","-1",FALSE,"coverHandled","-1",FALSE,FALSE,FALSE,FALSE,"-1"
"203",203,"AREASITE",TRUE,TRUE,TRUE,"description","areaSite","-1","-1",FALSE,"areaSite","-1",FALSE,FALSE,FALSE,FALSE,"-1"
"204",204,"SHRDSTOT",TRUE,TRUE,TRUE,"cerPhTot","totAll","-1","-1",FALSE,"totAll","-1",FALSE,FALSE,FALSE,FALSE,"-1"
"205",205,"OTHPCLAS",TRUE,TRUE,TRUE,"cerPhTot","totPrec","-1","-1",FALSE,"PreCl","-1",FALSE,FALSE,TRUE,FALSE,"-1"
"206",206,"CUANALAN",TRUE,TRUE,TRUE,"cerPhTot","totCuan","-1","-1",FALSE,"Cuan","-1",FALSE,FALSE,TRUE,FALSE,"-1"
"207",207,"TEZOYUCA",TRUE,TRUE,TRUE,"cerPhTot","totTezo","-1","-1",FALSE,"Tezo","-1",FALSE,FALSE,TRUE,FALSE,"-1"
"208",208,"PATLACHI",TRUE,TRUE,TRUE,"cerPhTot","totPatl","-1","-1",FALSE,"totPatl","-1",FALSE,FALSE,FALSE,FALSE,"-1"
"209",209,"TZACUALL",TRUE,TRUE,TRUE,"cerPhTot","totTzac","-1","-1",FALSE,"totTzac","-1",FALSE,FALSE,FALSE,FALSE,"-1"
"210",210,"MICCAOTL",TRUE,TRUE,TRUE,"cerPhTot","totMicc","-1","-1",FALSE,"totMicc","-1",FALSE,FALSE,FALSE,FALSE,"-1"
"211",211,"TLAMIMIL",TRUE,TRUE,TRUE,"cerPhTot","totTlam","-1","-1",FALSE,"totTlam","-1",FALSE,FALSE,FALSE,FALSE,"-1"
"212",212,"XOLALPAN",TRUE,TRUE,TRUE,"cerPhTot","totXola","-1","-1",FALSE,"totXola","-1",FALSE,FALSE,FALSE,FALSE,"-1"
"213",213,"METEPEC",TRUE,TRUE,TRUE,"cerPhTot","totMete","-1","-1",FALSE,"totMete","-1",FALSE,FALSE,FALSE,FALSE,"-1"
"214",214,"OXTOTIPA",TRUE,TRUE,TRUE,"cerPhTot","totOxto","-1","-1",FALSE,"Coyotlatelco","-1",FALSE,TRUE,FALSE,FALSE,"-1"
"215",215,"XOMETLA",TRUE,TRUE,TRUE,"cerPhTot","totXome","-1","-1",FALSE,"Coyotlatelco","-1",FALSE,TRUE,FALSE,FALSE,"-1"
"216",216,"MAZAPAN",TRUE,TRUE,TRUE,"cerPhTot","totMaza","-1","-1",FALSE,"Maza","-1",FALSE,FALSE,TRUE,FALSE,"-1"
"217",217,"AZTEC",TRUE,TRUE,TRUE,"cerPhTot","totAzte","-1","-1",FALSE,"Azte","-1",FALSE,FALSE,TRUE,FALSE,"-1"
"218",218,"CNSRTOTS",TRUE,TRUE,TRUE,"cerVessel","censerTot","-1","-1",FALSE,"censerTot","-1",FALSE,FALSE,FALSE,FALSE,"-1"
"219",219,"PPATCNSR",TRUE,TRUE,TRUE,"cerVessel","censerPPat","-1","-1",FALSE,"censerPPat","-1",FALSE,FALSE,FALSE,FALSE,"-1"
"220",220,"PATLCNSR",TRUE,TRUE,TRUE,"cerVessel","censerPatl","-1","-1",FALSE,"censerPatl","-1",FALSE,FALSE,FALSE,FALSE,"-1"
"221",221,"TZACCNSR",TRUE,TRUE,TRUE,"cerVessel","censerTzac","-1","-1",FALSE,"censerTzac","-1",FALSE,FALSE,FALSE,FALSE,"-1"
"222",222,"MICCCNSR",TRUE,TRUE,TRUE,"cerVessel","censerMicc","-1","-1",FALSE,"censerMicc","-1",FALSE,FALSE,FALSE,FALSE,"-1"
"223",223,"TLAMCNSR",TRUE,TRUE,TRUE,"cerVessel","censerTlam","-1","-1",FALSE,"censerTlam","-1",FALSE,FALSE,FALSE,FALSE,"-1"
"224",224,"XOLACNSR",TRUE,TRUE,TRUE,"cerVessel","censerXola","-1","-1",FALSE,"censerXola","-1",FALSE,FALSE,FALSE,FALSE,"-1"
"225",225,"METECNSR",TRUE,TRUE,TRUE,"cerVessel","censerMete","-1","-1",FALSE,"censerMete","-1",FALSE,FALSE,FALSE,FALSE,"-1"
"226",226,"OXTOCNSR",TRUE,TRUE,TRUE,"cerVessel","censerOxto","-1","-1",FALSE,"censerLate","-1",FALSE,TRUE,FALSE,FALSE,"-1"
"227",227,"XOMECNSR",TRUE,TRUE,TRUE,"cerVessel","censerXome","-1","-1",FALSE,"censerLate","-1",FALSE,TRUE,FALSE,FALSE,"-1"
"228",228,"MAZACNSR",TRUE,TRUE,TRUE,"cerVessel","censerMaza","-1","-1",FALSE,"censerLate","-1",FALSE,TRUE,FALSE,FALSE,"-1"
"229",229,"AZTECNSR",TRUE,TRUE,TRUE,"cerVessel","censerAzte","-1","-1",FALSE,"censerLate","-1",FALSE,TRUE,FALSE,FALSE,"-1"
"230",230,"THNOTOTS",TRUE,TRUE,TRUE,"cerVessel","toTot","-1","-1",FALSE,"toTot","-1",FALSE,FALSE,FALSE,FALSE,"-1"
"231",231,"REGTHNO",TRUE,TRUE,TRUE,"cerVessel","toRegular","-1","-1",FALSE,"toRegular","-1",FALSE,FALSE,FALSE,FALSE,"-1"
"232",232,"CRSTHNO",TRUE,TRUE,TRUE,"cerVessel","toCoarse","-1","-1",FALSE,"toCoarse","-1",FALSE,FALSE,FALSE,FALSE,"-1"
"233",233,"SMOTOTS",TRUE,TRUE,TRUE,"cerVessel","smoTot","-1","-1",FALSE,"smoTot","-1",FALSE,FALSE,FALSE,FALSE,"-1"
"234",234,"TLAMSMO",TRUE,TRUE,TRUE,"cerVessel","smoTlam","-1","-1",FALSE,"smoTlam","-1",FALSE,FALSE,FALSE,FALSE,"-1"
"235",235,"XOLASMO",TRUE,TRUE,TRUE,"cerVessel","smoXola","-1","-1",FALSE,"smoXola","-1",FALSE,FALSE,FALSE,FALSE,"-1"
"236",236,"METESMO",TRUE,TRUE,TRUE,"cerVessel","smoMete","-1","-1",FALSE,"smoMete","-1",FALSE,FALSE,FALSE,FALSE,"-1"
"237",237,"OLLATOT",TRUE,TRUE,TRUE,"cerVessel","ollaTot","-1","-1",FALSE,"ollaTot","-1",FALSE,FALSE,FALSE,FALSE,"-1"
"238",238,"PATLOLLA",TRUE,TRUE,TRUE,"cerVessel","ollaPatl","-1","-1",FALSE,"ollaPatl","-1",FALSE,FALSE,FALSE,FALSE,"-1"
"239",239,"WDGROLLA",TRUE,TRUE,TRUE,"cerVessel","ollaWedge","-1","-1",FALSE,"ollaWedge","-1",FALSE,FALSE,FALSE,FALSE,"-1"
"240",240,"MICCOLLA",TRUE,TRUE,TRUE,"cerVessel","ollaMicc","-1","-1",FALSE,"ollaMicc","-1",FALSE,FALSE,FALSE,FALSE,"-1"
"241",241,"TLAMOLLA",TRUE,TRUE,TRUE,"cerVessel","ollaTlam","-1","-1",FALSE,"ollaTlam","-1",FALSE,FALSE,FALSE,FALSE,"-1"
"242",242,"XOLAOLLA",TRUE,TRUE,TRUE,"cerVessel","ollaXola","-1","-1",FALSE,"ollaXola","-1",FALSE,FALSE,FALSE,FALSE,"-1"
"243",243,"METEOLLA",TRUE,TRUE,TRUE,"cerVessel","ollaMete","-1","-1",FALSE,"ollaMete","-1",FALSE,FALSE,FALSE,FALSE,"-1"
"244",244,"COMLTOTS",TRUE,TRUE,TRUE,"cerVessel","comalTot","-1","-1",FALSE,"comalTot","-1",FALSE,FALSE,FALSE,FALSE,"-1"
"245",245,"PATLCOML",TRUE,TRUE,TRUE,"cerVessel","comalPatl","-1","-1",FALSE,"comalPatl","-1",FALSE,FALSE,FALSE,FALSE,"-1"
"246",246,"TZACCOML",TRUE,TRUE,TRUE,"cerVessel","comalTzac","-1","-1",FALSE,"comalTzac","-1",FALSE,FALSE,FALSE,FALSE,"-1"
"247",247,"MICCCOML",TRUE,TRUE,TRUE,"cerVessel","comalMicc","-1","-1",FALSE,"comalMicc","-1",FALSE,FALSE,FALSE,FALSE,"-1"
"248",248,"TLAMCOML",TRUE,TRUE,TRUE,"cerVessel","comalTlam","-1","-1",FALSE,"comalTlam","-1",FALSE,FALSE,FALSE,FALSE,"-1"
"249",249,"XOLACOML",TRUE,TRUE,TRUE,"cerVessel","comalXola","-1","-1",FALSE,"comalXola","-1",FALSE,FALSE,FALSE,FALSE,"-1"
"250",250,"METECOML",TRUE,TRUE,TRUE,"cerVessel","comalMete","-1","-1",FALSE,"comalMete","-1",FALSE,FALSE,FALSE,FALSE,"-1"
"251",251,"OXTOCOML",TRUE,TRUE,TRUE,"cerVessel","comalOxto","-1","-1",FALSE,"comalOxto","-1",FALSE,FALSE,FALSE,FALSE,"-1"
"252",252,"POXTCOML",TRUE,TRUE,TRUE,"cerVessel","comalPOxt","-1","-1",FALSE,"comalPOxt","-1",FALSE,FALSE,FALSE,FALSE,"-1"
"253",253,"NUBBTOTS",TRUE,TRUE,TRUE,"cerVessel","nubbinTot","-1","-1",FALSE,"nubbinTot","-1",FALSE,FALSE,FALSE,FALSE,"-1"
"254",254,"PATLNUBB",TRUE,TRUE,TRUE,"cerVessel","nubbinPatl","-1","-1",FALSE,"nubbinPatl","-1",FALSE,FALSE,FALSE,FALSE,"-1"
"255",255,"APTENUBB",TRUE,TRUE,TRUE,"cerVessel","nubbinApet","-1","-1",FALSE,"nubbinApet","-1",FALSE,FALSE,FALSE,FALSE,"-1"
"256",256,"INSTNUBB",TRUE,TRUE,TRUE,"cerVessel","nubbinInset","-1","-1",FALSE,"nubbinInset","-1",FALSE,FALSE,FALSE,FALSE,"-1"
"257",257,"FLSMNUBB",TRUE,TRUE,TRUE,"cerVessel","nubbinFlush","-1","-1",FALSE,"nubbinFlush","-1",FALSE,FALSE,FALSE,FALSE,"-1"
"258",258,"ATOYNUBB",TRUE,TRUE,TRUE,"cerVessel","nubbinAtoy","-1","-1",FALSE,"nubbinAtoy","-1",FALSE,FALSE,FALSE,FALSE,"-1"
"259",259,"XOLANUBB",TRUE,TRUE,TRUE,"cerVessel","nubbinXola","-1","-1",FALSE,"nubbinXola","-1",FALSE,FALSE,FALSE,FALSE,"-1"
"260",260,"METENUBB",TRUE,TRUE,TRUE,"cerVessel","nubbinMete","-1","-1",FALSE,"nubbinMete","-1",FALSE,FALSE,FALSE,FALSE,"-1"
"261",261,"STMPSHRD",TRUE,TRUE,TRUE,"cerVessel","shrdStamped","-1","-1",FALSE,"shrdStamped","-1",FALSE,FALSE,FALSE,FALSE,"-1"
"262",262,"PLRFSHRD",TRUE,TRUE,TRUE,"cerVessel","shrdPlanoR","-1","-1",FALSE,"shrdPlanoR","-1",FALSE,FALSE,FALSE,FALSE,"-1"
"263",263,"STCCSHRD",TRUE,TRUE,TRUE,"cerVessel","shrdStucco","-1","-1",FALSE,"shrdStucco","-1",FALSE,FALSE,FALSE,FALSE,"-1"
"264",264,"INCISHRD",TRUE,TRUE,TRUE,"cerVessel","shrdIncised","-1","-1",FALSE,"shrdIncised","-1",FALSE,FALSE,FALSE,FALSE,"-1"
"265",265,"FRNSHTOT",TRUE,TRUE,TRUE,"cerVessel","foreignTot","-1","-1",FALSE,"foreignTot","-1",FALSE,FALSE,FALSE,FALSE,"-1"
"266",266,"LOWMAYA",TRUE,TRUE,TRUE,"cerVessel","mayaLow","-1","-1",FALSE,"mayaLow","-1",FALSE,FALSE,FALSE,FALSE,"-1"
"267",267,"HIGHMAYA",TRUE,TRUE,TRUE,"cerVessel","mayaHigh","-1","-1",FALSE,"mayaHigh","-1",FALSE,FALSE,FALSE,FALSE,"-1"
"268",268,"HUASTEC",TRUE,TRUE,TRUE,"cerVessel","huastec","-1","-1",FALSE,"huastec","-1",FALSE,FALSE,FALSE,FALSE,"-1"
"269",269,"TAJIN",TRUE,TRUE,TRUE,"cerVessel","tajin","-1","-1",FALSE,"tajin","-1",FALSE,FALSE,FALSE,FALSE,"-1"
"270",270,"GULFCST",TRUE,TRUE,TRUE,"cerVessel","gulfCoast","-1","-1",FALSE,"gulfCoast","-1",FALSE,FALSE,FALSE,FALSE,"-1"
"271",271,"MONTEALB",TRUE,TRUE,TRUE,"cerVessel","monteAlban","-1","-1",FALSE,"monteAlban","-1",FALSE,FALSE,FALSE,FALSE,"-1"
"272",272,"OAXACA",TRUE,TRUE,TRUE,"cerVessel","oaxaca","-1","-1",FALSE,"oaxaca","-1",FALSE,FALSE,FALSE,FALSE,"-1"
"273",273,"OTHFRN",TRUE,TRUE,TRUE,"cerVessel","foreignOther","-1","-1",FALSE,"foreignOther","-1",FALSE,FALSE,FALSE,FALSE,"-1"
"274",274,"ADORNOS",TRUE,TRUE,TRUE,"cerVessel","adornos","-1","-1",FALSE,"adornos","-1",FALSE,FALSE,FALSE,FALSE,"-1"
"275",275,"MINIATUR",TRUE,TRUE,TRUE,"cerVessel","minatures","-1","-1",FALSE,"minatures","-1",FALSE,FALSE,FALSE,FALSE,"-1"
"276",276,"COPAS",TRUE,TRUE,TRUE,"cerVessel","copas","-1","-1",FALSE,"copas","-1",FALSE,FALSE,FALSE,FALSE,"-1"
"277",277,"MATTWARE",TRUE,TRUE,TRUE,"cerVessel","matteWare","-1","-1",FALSE,"matteWare","-1",FALSE,FALSE,FALSE,FALSE,"-1"
"278",278,"GRANTOTS",TRUE,TRUE,TRUE,"cerVessel","granTot","-1","-1",FALSE,"granTot","-1",FALSE,FALSE,FALSE,FALSE,"-1"
"279",279,"PMICGRAN",TRUE,TRUE,TRUE,"cerVessel","granPMic","-1","-1",FALSE,"granular","-1",FALSE,TRUE,FALSE,TRUE,"-1"
"280",280,"MICCGRAN",TRUE,TRUE,TRUE,"cerVessel","granMicc","-1","-1",FALSE,"granular","-1",FALSE,TRUE,FALSE,TRUE,"-1"
"281",281,"TLAMGRAN",TRUE,TRUE,TRUE,"cerVessel","granTlam","-1","-1",FALSE,"granular","-1",FALSE,TRUE,FALSE,TRUE,"-1"
"282",282,"XOLAGRAN",TRUE,TRUE,TRUE,"cerVessel","granXola","-1","-1",FALSE,"granular","-1",FALSE,TRUE,FALSE,TRUE,"-1"
"283",283,"METEGRAN",TRUE,TRUE,TRUE,"cerVessel","granMete","-1","-1",FALSE,"granular","-1",FALSE,TRUE,FALSE,TRUE,"-1"
"284",284,"CERADISK",TRUE,TRUE,TRUE,"cerNonVessel","ceramicDisk","-1","-1",FALSE,"ceramicDisk","-1",FALSE,FALSE,FALSE,FALSE,"-1"
"285",285,"SOBSIWK1",TRUE,TRUE,TRUE,"workshop","obsidianSpencePhase1","Codes_workshopSpence1","-1",FALSE,"obsidianSpencePhase1","-1",FALSE,FALSE,FALSE,FALSE,"-1"
"286",286,"SOBSIWK2",TRUE,TRUE,TRUE,"workshop","obsidianSpencePhase2","Codes_workshopSpence2","-1",FALSE,"obsidianSpencePhase2","-1",FALSE,FALSE,FALSE,FALSE,"-1"
"287",287,"KCERAWKS",TRUE,TRUE,TRUE,"workshop","ceramicKrotser","Codes_workshopKrotser","-1",FALSE,"ceramicKrotser","-1",FALSE,FALSE,FALSE,FALSE,"-1"
"288",288,"BFIGCONC",TRUE,TRUE,TRUE,"workshop","figurineConcBarbour","-1","-1",FALSE,"figurineConcBarbour","-1",FALSE,FALSE,FALSE,FALSE,"-1"
"289",289,"AREASTRC",TRUE,TRUE,TRUE,"description","areaStruct","-1","-1",FALSE,"areaStruct","-1",FALSE,FALSE,FALSE,FALSE,"-1"
"290",290,"INSUBSTR",TRUE,TRUE,TRUE,"archInterp","insubstantialCount","-1","-1",FALSE,"-1","-1",TRUE,FALSE,FALSE,FALSE,"-1"
"291",291,"QUALBND",TRUE,TRUE,TRUE,"archInterp","boundInfoQual","-1","-1",FALSE,"boundInfoQual","-1",FALSE,FALSE,FALSE,FALSE,"-1"
"292",292,"-1",FALSE,FALSE,FALSE,"-1","-1","-1","-1",FALSE,"unworkedBone","-1",FALSE,FALSE,FALSE,TRUE,"-1"
"293",0,"SSN",TRUE,TRUE,TRUE,"location","SSN","-1","-1",FALSE,"SSN","-1",FALSE,FALSE,FALSE,FALSE,"-1"
